dataset,seed,test_window_index,alpha_1,alpha_2,alpha_4
abilene,42,0,0.2387651652097702,0.16038517653942108,0.6008496284484863
abilene,42,1,0.23666228353977203,0.15955889225006104,0.6037788391113281
abilene,42,2,0.2302925139665604,0.1569070070981979,0.6128005385398865
abilene,42,3,0.2448188215494156,0.16286616027355194,0.5923150777816772
abilene,42,4,0.24847884476184845,0.16431854665279388,0.5872026681900024
abilene,42,5,0.2540758848190308,0.1665486246347427,0.5793755054473877
abilene,42,6,0.2545948326587677,0.1667378693819046,0.5786672234535217
abilene,42,7,0.2662883996963501,0.1712450236082077,0.5624666213989258
abilene,42,8,0.26564478874206543,0.17102451622486115,0.5633307099342345
abilene,42,9,0.27190467715263367,0.17343024909496307,0.5546650886535645
abilene,42,10,0.2535658180713653,0.16660000383853912,0.5798342227935791
abilene,42,11,0.2474728226661682,0.1643724739551544,0.5881547927856445
abilene,42,12,0.2494438737630844,0.16534993052482605,0.5852062106132507
abilene,42,13,0.24322056770324707,0.16306486725807187,0.5937145948410033
abilene,42,14,0.2443370819091797,0.16370590031147003,0.5919570326805115
abilene,42,15,0.23644164204597476,0.16068442165851593,0.6028739809989929
abilene,42,16,0.22455063462257385,0.15585029125213623,0.6195990443229675
abilene,42,17,0.2375585436820984,0.1614845097064972,0.6009569764137268
abilene,42,18,0.23667044937610623,0.16130216419696808,0.6020273566246033
abilene,42,19,0.21549443900585172,0.1521545648574829,0.6323510408401489
abilene,42,20,0.22723832726478577,0.15750733017921448,0.6152543425559998
abilene,42,21,0.2532779276371002,0.16826431453227997,0.5784578323364258
abilene,42,22,0.2458512634038925,0.1653981655836105,0.5887505412101746
abilene,42,23,0.2374272346496582,0.16203205287456512,0.6005407571792603
abilene,42,24,0.2520162761211395,0.16803352534770963,0.5799501538276672
abilene,42,25,0.2600644528865814,0.17132538557052612,0.5686101913452148
abilene,42,26,0.2573387026786804,0.1703734993934631,0.5722877979278564
abilene,42,27,0.27454274892807007,0.17705465853214264,0.5484026074409485
abilene,42,28,0.26773008704185486,0.1746433973312378,0.5576265454292296
abilene,42,29,0.2605806589126587,0.17199456691741943,0.5674247741699219
abilene,42,30,0.2782678008079529,0.17874100804328918,0.5429912209510803
abilene,42,31,0.26659607887268066,0.17443785071372983,0.5589660406112671
abilene,42,32,0.28182926774024963,0.18020571768283844,0.5379649996757507
abilene,42,33,0.28010943531990046,0.1797218471765518,0.5401687622070312
abilene,42,34,0.2804420292377472,0.18008236587047577,0.5394755601882936
abilene,42,35,0.27043572068214417,0.17664450407028198,0.5529197454452515
abilene,42,36,0.24772000312805173,0.1680019050836563,0.5842781066894531
abilene,42,37,0.2409203797578812,0.1654258817434311,0.5936537384986876
abilene,42,38,0.24260292947292328,0.1663118153810501,0.5910851955413817
abilene,42,39,0.23643426597118375,0.16394838690757751,0.5996173620223999
abilene,42,40,0.22655040025711057,0.15979540348052979,0.6136541366577148
abilene,42,41,0.22522191703319547,0.15936315059661865,0.6154149770736694
abilene,42,42,0.22738665342330927,0.16045688092708588,0.6121565103530884
abilene,42,43,0.23301936686038968,0.16307781636714935,0.6039027571678162
abilene,42,44,0.23368991911411283,0.16350668668746948,0.6028034090995789
abilene,42,45,0.23394034802913663,0.16369302570819855,0.6023666262626648
abilene,42,46,0.23666834831237793,0.16495873034000397,0.5983729958534241
abilene,42,47,0.22356030344963077,0.1592257022857666,0.6172140240669249
abilene,42,48,0.22765511274337769,0.16111689805984497,0.6112279891967772
abilene,42,49,0.23716269433498385,0.1653955578804016,0.5974416732788086
abilene,42,50,0.22987946867942807,0.16222842037677765,0.6078920960426331
abilene,42,51,0.25169321894645685,0.17156484723091123,0.5767419338226318
abilene,42,52,0.24880127608776087,0.17045335471630096,0.5807453393936157
abilene,42,53,0.25801733136177063,0.1742204874753952,0.5677621364593506
abilene,42,54,0.24519133567810056,0.16900579631328583,0.5858028531074524
abilene,42,55,0.2581615447998047,0.17433783411979675,0.5675005912780762
abilene,42,56,0.26425498723983765,0.1767563670873642,0.5589886903762816
abilene,42,57,0.2417579740285873,0.16768759489059448,0.5905544757843018
abilene,42,58,0.21821080148220065,0.15637819468975067,0.6254110336303711
abilene,42,59,0.20754337310791013,0.1496294140815735,0.6428272128105164
abilene,42,60,0.2010779827833176,0.14551188051700592,0.6534101963043213
abilene,42,61,0.1995854377746582,0.14456036686897275,0.6558541655540465
abilene,42,62,0.19347910583019257,0.13997726142406464,0.6665436029434204
abilene,42,63,0.19142006337642667,0.13833457231521606,0.6702452898025513
abilene,42,64,0.18945057690143585,0.1367478221654892,0.6738015413284302
abilene,42,65,0.1894443333148956,0.13672722876071927,0.6738284230232239
abilene,42,66,0.19235059618949887,0.13904622197151184,0.6686031818389893
abilene,42,67,0.19965505599975583,0.1445436328649521,0.6558012962341309
abilene,42,68,0.2050105780363083,0.14792890846729279,0.6470605134963989
abilene,42,69,0.21371667087078092,0.15348213911056519,0.6328011751174927
abilene,42,70,0.21892318129539487,0.15676240622997284,0.6243144273757936
abilene,42,71,0.21780367195606232,0.15605436265468595,0.6261419653892517
abilene,42,72,0.21857529878616333,0.1565324366092682,0.6248922348022461
abilene,42,73,0.22069102525711057,0.15785734355449677,0.6214516162872313
abilene,42,74,0.2315765619277954,0.1634429693222046,0.60498046875
abilene,42,75,0.23481038212776184,0.16488027572631836,0.6003093719482422
abilene,42,76,0.24006049335002896,0.1671583652496338,0.5927811861038208
abilene,42,77,0.23594214022159576,0.16537201404571533,0.5986858010292053
abilene,42,78,0.24619027972221372,0.16981276869773865,0.5839969515800476
abilene,42,79,0.24326053261756897,0.16858038306236267,0.5881590843200684
abilene,42,80,0.2441017180681229,0.16897249221801755,0.5869258046150208
abilene,42,81,0.22846367955207825,0.16216319799423215,0.6093730926513672
abilene,42,82,0.2157517969608307,0.15487705171108243,0.6293711066246033
abilene,42,83,0.20326113700866696,0.1469295024871826,0.6498093008995056
abilene,42,84,0.19807574152946472,0.14357390999794006,0.6583502888679504
abilene,42,85,0.19505904614925385,0.1411394476890564,0.6638016104698181
abilene,42,86,0.1941879838705063,0.140432208776474,0.6653797626495361
abilene,42,87,0.19478596746921537,0.14090482890605927,0.6643092036247252
abilene,42,88,0.19113339483737943,0.13797111809253693,0.6708953976631165
abilene,42,89,0.1915627121925354,0.13830982148647308,0.6701275110244751
abilene,42,90,0.19352449476718905,0.1398678570985794,0.6666076183319092
abilene,42,91,0.19699859619140625,0.14264211058616638,0.6603593230247498
abilene,42,92,0.20294938981533048,0.1466347575187683,0.6504158973693848
abilene,42,93,0.21406126022338867,0.1537262499332428,0.632212460041046
abilene,42,94,0.2194146513938904,0.15708601474761963,0.6234992742538452
abilene,42,95,0.2144785225391388,0.15392619371414185,0.6315953135490417
abilene,42,96,0.2154579609632492,0.15450778603553772,0.6300342679023743
abilene,42,97,0.21518810093402865,0.15435190498828888,0.6304600834846497
abilene,42,98,0.2236691415309906,0.1595931500196457,0.6167377233505249
abilene,42,99,0.23271189630031583,0.16375042498111725,0.6035376787185669
abilene,42,100,0.2316013276576996,0.16324813663959503,0.6051505208015442
abilene,42,101,0.22432999312877652,0.15984593331813812,0.6158241033554077
abilene,42,102,0.23053677380084991,0.1626702696084976,0.6067929267883301
abilene,42,103,0.23613315820693967,0.16506069898605347,0.5988061428070068
abilene,42,104,0.23513001203536987,0.16457347571849823,0.6002964973449707
abilene,42,105,0.22775492072105408,0.1612248122692108,0.6110202670097351
abilene,42,106,0.21320153772830963,0.15298612415790555,0.6338123679161072
abilene,42,107,0.200569212436676,0.14489443600177765,0.6545364260673523
abilene,42,108,0.19654235243797305,0.14224201440811157,0.6612156033515929
abilene,42,109,0.19172203540802,0.13892240822315216,0.669355571269989
abilene,42,110,0.1949714720249176,0.14111478626728055,0.6639137268066406
abilene,42,111,0.19059972465038297,0.1381007730960846,0.6712995171546936
abilene,42,112,0.18956579267978668,0.13732193410396576,0.6731122732162476
abilene,42,113,0.18803466856479645,0.13624615967273712,0.6757190823554993
abilene,42,114,0.19219540059566495,0.1390666365623474,0.6687380075454712
abilene,42,115,0.20317614078521729,0.14610208570957184,0.6507217288017273
abilene,42,116,0.2122509926557541,0.15184788405895233,0.635901153087616
abilene,42,117,0.22397810220718384,0.15807008743286133,0.6179518103599548
abilene,42,118,0.22133119404315948,0.15682893991470337,0.6218398213386536
abilene,42,119,0.22806729376316073,0.15981097519397736,0.6121217012405396
abilene,42,120,0.21868094801902768,0.15555851161479947,0.625760555267334
abilene,42,121,0.23286996781826017,0.161760076880455,0.6053699851036072
abilene,42,122,0.2237960547208786,0.157696932554245,0.6185069680213928
abilene,42,123,0.22710867226123807,0.15904298424720764,0.6138483285903931
abilene,42,124,0.23824091255664823,0.16373442113399503,0.5980247259140015
abilene,42,125,0.23678162693977356,0.1630651354789734,0.6001532077789307
abilene,42,126,0.2474587708711624,0.16736087203025815,0.585180401802063
abilene,42,127,0.2609533667564392,0.1726910024881363,0.5663556456565857
abilene,42,128,0.2643412947654724,0.17395205795764923,0.5617066621780396
abilene,42,129,0.24007688462734225,0.16420225799083707,0.5957208275794983
abilene,42,130,0.21732512116432187,0.15421879291534424,0.6284561157226562
abilene,42,131,0.20198689401149747,0.14528590440750122,0.6527272462844849
abilene,42,132,0.19490939378738403,0.14067614078521729,0.6644144654273987
abilene,42,133,0.19440500438213348,0.1402449756860733,0.6653500199317932
abilene,42,134,0.18924149870872495,0.13683342933654785,0.6739250421524048
abilene,42,135,0.18718490004539487,0.13540387153625488,0.6774112582206726
abilene,42,136,0.18522244691848755,0.13402673602104187,0.680750846862793
abilene,42,137,0.18676218390464783,0.13493284583091736,0.6783050298690796
abilene,42,138,0.1912100315093994,0.1377236247062683,0.6710662841796875
abilene,42,139,0.1994945257902145,0.14296390116214752,0.6575415730476379
abilene,42,140,0.2072725594043732,0.14765578508377075,0.6450716257095337
abilene,42,141,0.22077648341655728,0.15423764288425443,0.624985933303833
abilene,42,142,0.2192707061767578,0.15352381765842435,0.627205491065979
abilene,42,143,0.2210101932287216,0.15425868332386017,0.6247311234474182
abilene,42,144,0.2301307022571564,0.1581384241580963,0.6117308735847473
abilene,42,145,0.224453330039978,0.15568266808986664,0.6198640465736389
abilene,42,146,0.22996219992637637,0.15800005197525024,0.6120378375053406
abilene,42,147,0.24546194076538083,0.16432474553585052,0.5902133584022522
abilene,42,148,0.24288782477378845,0.1632550209760666,0.5938571691513062
abilene,42,149,0.25166490674018854,0.1667174994945526,0.5816175937652588
geant,42,0,0.1034298688173294,0.3667740523815155,0.5297961831092833
geant,42,1,0.1031460464000702,0.36663013696670527,0.5302238464355469
geant,42,2,0.10590822249650957,0.3567704558372497,0.5373213291168213
geant,42,3,0.11262188106775284,0.33531907200813293,0.5520590543746948
geant,42,4,0.11756730824708939,0.32033354043960566,0.5620991587638855
geant,42,5,0.11941789090633392,0.3136350214481354,0.5669471025466919
geant,42,6,0.12284013628959656,0.30276879668235773,0.5743910670280457
geant,42,7,0.1261265128850937,0.29310548305511475,0.5807679891586304
geant,42,8,0.1255979090929031,0.29395192861557007,0.5804501175880432
geant,42,9,0.1252263635396957,0.2946420907974243,0.5801315307617188
geant,42,10,0.13124528527259827,0.2808791100978852,0.5878756642341614
geant,42,11,0.1366818994283676,0.2686608731746673,0.594657301902771
geant,42,12,0.14299994707107544,0.25552678108215326,0.6014732718467712
geant,42,13,0.14202114939689636,0.25732898712158203,0.6006498336791992
geant,42,14,0.14831790328025815,0.2448032349348068,0.606878936290741
geant,42,15,0.1507689654827118,0.24009425938129425,0.609136700630188
geant,42,16,0.1468842327594757,0.24759215116500852,0.6055236458778381
geant,42,17,0.1398278921842575,0.2616316080093384,0.5985405445098877
geant,42,18,0.13275673985481262,0.27670079469680786,0.5905424952507019
geant,42,19,0.12029065191745758,0.30543723702430725,0.574272096157074
geant,42,20,0.1068720445036888,0.3453073501586914,0.5478206872940063
geant,42,21,0.10797509551048277,0.34165799617767334,0.5503668785095215
geant,42,22,0.10484656691551208,0.3516279458999634,0.5435255169868469
geant,42,23,0.1088903322815895,0.3388056457042694,0.5523040294647217
geant,42,24,0.1118088811635971,0.3300721049308777,0.558118999004364
geant,42,25,0.11123601347208024,0.33210253715515137,0.5566614270210266
geant,42,26,0.1140804886817932,0.3237643539905548,0.5621551871299744
geant,42,27,0.11576649546623229,0.3186849355697632,0.5655485987663269
geant,42,28,0.12196438759565352,0.3014228343963623,0.5766127109527588
geant,42,29,0.12518595159053802,0.2937740683555603,0.5810399055480957
geant,42,30,0.12879447638988495,0.2854335308074951,0.5857720375061035
geant,42,31,0.13366293907165527,0.27461898326873774,0.5917180180549622
geant,42,32,0.13465918600559235,0.27252721786499023,0.5928136110305786
geant,42,33,0.1270952075719833,0.2893053591251373,0.5835994482040405
geant,42,34,0.13377268612384796,0.27455437183380127,0.5916728973388672
geant,42,35,0.14114093780517578,0.2590184807777405,0.599840521812439
geant,42,36,0.15040834248065948,0.2409730553627014,0.6086185574531555
geant,42,37,0.1484696269035339,0.2445959597826004,0.6069344282150269
geant,42,38,0.15307509899139404,0.2360348403453827,0.6108900904655457
geant,42,39,0.1562093049287796,0.2304416298866272,0.6133490204811096
geant,42,40,0.15933647751808167,0.22515174746513367,0.6155118346214294
geant,42,41,0.16475237905979156,0.21574643254280088,0.6195012331008911
geant,42,42,0.16217404603958127,0.2202782928943634,0.6175476908683777
geant,42,43,0.1554114669561386,0.23251229524612424,0.6120762825012207
geant,42,44,0.1514501720666885,0.2402024418115616,0.6083474159240723
geant,42,45,0.1421269178390503,0.25859469175338745,0.5992783904075624
geant,42,46,0.13897052407264707,0.26526916027069086,0.5957603454589844
geant,42,47,0.1399850696325302,0.26349353790283203,0.5965214371681212
geant,42,48,0.1414804756641388,0.26091498136520386,0.5976045727729796
geant,42,49,0.1406361162662506,0.26308533549308777,0.5962785482406616
geant,42,50,0.1409729570150375,0.26280540227890015,0.5962216258049011
geant,42,51,0.13929645717144012,0.26636683940887446,0.5943366885185242
geant,42,52,0.142577663064003,0.2599457800388336,0.5974765419960022
geant,42,53,0.1440177410840988,0.2573818564414978,0.5986003875732422
geant,42,54,0.15024569630622864,0.2454255372285843,0.6043287515640259
geant,42,55,0.15124180912971497,0.2437429130077362,0.6050152778625488
geant,42,56,0.1496790498495102,0.2469220757484436,0.603398859500885
geant,42,57,0.14699265360832214,0.25265806913375854,0.6003493070602417
geant,42,58,0.1505153924226761,0.24607598781585693,0.6034086346626282
geant,42,59,0.15165415406227112,0.24377143383026123,0.60457444190979
geant,42,60,0.16122186183929443,0.22666248679161072,0.6121156811714172
geant,42,61,0.1624234169721603,0.224645271897316,0.6129313111305237
geant,42,62,0.16214677691459656,0.2252325415611267,0.6126206517219543
geant,42,63,0.16214750707149503,0.22490310668945312,0.6129494309425354
geant,42,64,0.16408367455005643,0.22210080921649927,0.6138155460357666
geant,42,65,0.16117839515209198,0.227340430021286,0.6114811897277832
geant,42,66,0.1625535786151886,0.22523690760135648,0.6122094988822937
geant,42,67,0.16257543861865997,0.22574506700038907,0.6116794943809509
geant,42,68,0.15462002158164978,0.2405911237001419,0.6047888994216919
geant,42,69,0.1468193084001541,0.2578752636909485,0.5953054428100586
geant,42,70,0.14475205540657043,0.2636546194553375,0.591593325138092
geant,42,71,0.15039560198783875,0.25184717774391174,0.5977572202682495
geant,42,72,0.1429561078548431,0.27057263255119324,0.5864712595939636
geant,42,73,0.1457562893629074,0.2649425268173218,0.5893012285232544
geant,42,74,0.1458674520254135,0.2654086947441101,0.5887238383293152
geant,42,75,0.14274606108665466,0.27342268824577326,0.583831250667572
geant,42,76,0.14490242302417755,0.26877182722091675,0.5863257646560669
geant,42,77,0.14453831315040588,0.2701435089111328,0.5853182077407837
geant,42,78,0.15086005628108978,0.25591933727264404,0.5932206511497498
geant,42,79,0.15171378850936887,0.25477999448776245,0.5935062170028688
geant,42,80,0.1541110873222351,0.250003457069397,0.5958855152130127
geant,42,81,0.15168724954128265,0.2559044659137726,0.592408299446106
geant,42,82,0.15120625495910645,0.25735491514205927,0.5914387702941896
geant,42,83,0.1566011905670166,0.24567793309688568,0.5977208614349365
geant,42,84,0.16333450376987457,0.23191310465335843,0.6047524213790894
geant,42,85,0.16103500127792358,0.2369597256183624,0.6020052433013916
geant,42,86,0.16373658180236816,0.23151035606861117,0.6047530770301819
geant,42,87,0.1653733104467392,0.22815249860286713,0.6064742207527161
geant,42,88,0.16643741726875305,0.226244792342186,0.6073178052902222
geant,42,89,0.15593813359737396,0.24902866780757904,0.5950331091880798
geant,42,90,0.1473926156759262,0.2690322995185852,0.5835751295089722
geant,42,91,0.13556179404258728,0.2988224029541016,0.5656157732009888
geant,42,92,0.12846501171588895,0.3181312084197998,0.5534037351608276
geant,42,93,0.12576673924922943,0.3260195553302765,0.5482137203216553
geant,42,94,0.12158028036355972,0.33832862973213196,0.5400910973548889
geant,42,95,0.12548078596591947,0.3278854787349701,0.546633780002594
geant,42,96,0.1206495389342308,0.34196197986602783,0.5373884439468384
geant,42,97,0.12673182785511017,0.3255857527256012,0.5476824045181273
geant,42,98,0.12626194953918457,0.32764676213264465,0.5460913181304932
geant,42,99,0.1252970993518829,0.33028271794319153,0.5444202423095703
geant,42,100,0.12789039313793182,0.3230803608894348,0.5490292310714722
geant,42,101,0.13071317970752716,0.31582826375961304,0.553458571434021
geant,42,102,0.1343526542186737,0.30699798464775085,0.5586494207382202
geant,42,103,0.13630221784114835,0.30212482810020447,0.5615729093551636
geant,42,104,0.13643476366996765,0.30229535698890686,0.5612698793411255
geant,42,105,0.13911598920822144,0.2957457900047302,0.5651382207870483
geant,42,106,0.14319318532943723,0.28596073389053345,0.5708460807800293
geant,42,107,0.14783914387226105,0.2749524116516113,0.577208399772644
geant,42,108,0.1543462574481964,0.26017993688583374,0.5854737162590027
geant,42,109,0.15392450988292694,0.26130402088165283,0.5847715139389038
geant,42,110,0.1590416580438614,0.2502744793891907,0.5906838774681091
geant,42,111,0.16183620691299438,0.24456162750720975,0.5936021804809569
geant,42,112,0.15806926786899567,0.252966433763504,0.5889642834663391
geant,42,113,0.14560425281524658,0.28148308396339417,0.5729126930236816
geant,42,114,0.13536109030246735,0.3069013059139252,0.5577375888824463
geant,42,115,0.11849517375230788,0.35298529267311096,0.5285195708274841
geant,42,116,0.11237997561693192,0.37145546078681946,0.5161645412445068
geant,42,117,0.11165091395378111,0.37384077906608576,0.5145083665847777
geant,42,118,0.10983134806156158,0.3796532154083252,0.5105155110359192
geant,42,119,0.11031411588191986,0.3780021369457245,0.5116837024688721
geant,42,120,0.1073925495147705,0.38687261939048767,0.5057348608970642
geant,42,121,0.10827424377202988,0.3839270770549774,0.5077986717224121
geant,42,122,0.10973186045885086,0.37943699955940247,0.5108311176300049
geant,42,123,0.11178693920373917,0.37283453345298767,0.5153785347938538
geant,42,124,0.11531177163124084,0.3619325459003448,0.5227556824684143
geant,42,125,0.1221156045794487,0.3420533537864685,0.535831093788147
geant,42,126,0.1282002478837967,0.3251554071903229,0.5466443300247192
geant,42,127,0.1303633153438568,0.3193177282810211,0.5503188967704773
geant,42,128,0.1326474696397781,0.3133143484592438,0.5540381073951721
geant,42,129,0.12783688306808472,0.32615622878074646,0.5460069179534912
geant,42,130,0.13182604312896729,0.31528520584106445,0.5528887510299683
geant,42,131,0.13841108977794647,0.2981552481651306,0.5634337067604065
geant,42,132,0.14669275283813477,0.277606725692749,0.575700581073761
geant,42,133,0.14330342411994934,0.28521183133125305,0.5714848041534424
geant,42,134,0.15068382024765015,0.26729100942611694,0.5820251703262329
geant,42,135,0.14816676080226898,0.27288636565208435,0.578946888446808
geant,42,136,0.14613397419452667,0.2774830460548401,0.5763829946517944
geant,42,137,0.13775083422660828,0.2974595129489898,0.5647896528244019
geant,42,138,0.12723959982395172,0.3242780566215515,0.5484822988510132
geant,42,139,0.11772101372480392,0.35037118196487427,0.5319077968597412
geant,42,140,0.10819325596094131,0.3783375024795532,0.5134692192077637
geant,42,141,0.1038164272904396,0.3914843201637268,0.5046992897987366
geant,42,142,0.104230098426342,0.38944837450981135,0.5063215494155884
geant,42,143,0.10273586958646774,0.3928890824317932,0.5043750405311584
geant,42,144,0.10575415939092636,0.38213902711868286,0.5121067762374878
geant,42,145,0.1097964495420456,0.368645578622818,0.5215579867362976
geant,42,146,0.11059710383415222,0.3654595017433167,0.5239434242248535
geant,42,147,0.11403033137321472,0.35441115498542786,0.5315585136413574
geant,42,148,0.11761027574539185,0.34319230914115906,0.5391974449157715
geant,42,149,0.12025173008441924,0.3350792229175568,0.5446690320968628
